Customer ID,Customer Name,Segment,Country,City,State,Postal Code,Region
HP-14815,Harold Pawlan,Home Office,United States,Fort Worth        ,Texas,76106,Central
PK-19075,Pete Kriz,Consumer,United States,Madison,Wisconsin            ,53711,Central
KB-16585,Ken Black,Corporate,United States,Fremont,Nebraska,68025,Central
MA-17560,Matt Abelman,Home Office,United States,Houston,Texas,75080,Central
GH-14485,Gene Hale,Corporate,United States,Richardson,Texas        ,75080,Central
SN-20710,Steve Nguyen                ,Home Office,United States,Houston,Texas,77041,Central
LC-16930,Linda Cazamias,Corporate,United States,Naperville,Illinois,60610,Central
ON-18715,Odella Nelson,Corporate,United States,Eagan,Minnesota,55122,Central
PO-18865,Patrick Donnell,Consumer,United States,Westland,Michigan,48307,Central
DP-13000,Darren Powers,Consumer,United States,New Albany,Indiana,47150,Central
PS-18970,Paul Stevenson,Home Office,United States,Chicago,Illinois,60610,Central
KB-16600,Ken Brennan,Corporate,United States,Houston,Texas,77041,Central
CS-12400,Christopher Schild,Home Office,United States,Chicago,Illinois,60623,Central
PG-18895,Paul Gonzalez,Consumer,United States,Rochester,Minnesota,55901,Central
GM-14455,Gary Mitchum,Home Office,United States,Houston,Texas,77095,Central
KB-16315,Karl Braun,Consumer,United States,Minneapolis,Minnesota,55407,Central
ER-13855,Elpida Rittenbach,Corporate,United States,Saint Paul,Minnesota,55106,Central
RB-19465,Rick Bensley,Home Office,United States,Chicago,Illinois,60610,Central
GZ-14470,Gary Zandusky,Consumer,United States,Rochester,Minnesota,55901,Central
PA-19060,Pete Armstrong,Home Office,United States,Orland Park,Illinois,60462,Central
CL-12565,Clay Ludtke,Consumer,United States,Urbandale,Iowa,50322,Central
AD-10180,Alan Dominguez,Home Office,United States,Houston,Texas,77041,Central
PF-19165,Philip Fox,Consumer,United States,Bloomington,Illinois,61701,Central
SG-20080,Sandra Glassco,Consumer,United States,Independence,Missouri,64055,Central
JE-16165,Justin Ellison,Corporate,United States,Franklin,Wisconsin,53132,Central
NP-18670,Nora Paige,Consumer,United States,Edmond,Oklahoma,73034,Central
BM-11140,Becky Martin,Consumer,United States,San Antonio,Texas,78207,Central
JB-15400,Jennifer Braxton,Corporate,United States,Chicago,Illinois,60623,Central
SJ-20500,Shirley Jackson,Consumer,United States,Houston,Texas,77036,Central
DK-13150,David Kendrick,Corporate,United States,Decatur,Illinois,62521,Central
AM-10360,Alice McCarthy,Corporate,United States,Grand Prairie,Texas,75051,Central
LC-17140,Logan Currie,Consumer,United States,Dallas,Texas,75220,Central
JH-15985,Joseph Holt,Consumer,United States,Saginaw,Michigan,48601,Central
MS-17980,Michael Stewart,Corporate,United States,Dallas,Texas,75220,Central
DS-13180,David Smith,Corporate,United States,Detroit,Michigan,48227,Central
KL-16645,Ken Lonsdale,Consumer,United States,Chicago,Illinois,60610,Central
DW-13480,Dianna Wilson,Home Office,United States,Lakeville,Minnesota,55044,Central
DR-12880,Dan Reichenbach,Corporate,United States,Chicago,Illinois,60623,Central
Dl-13600,Dorris liebe,Corporate,United States,Pasadena,Texas,77506,Central
SB-20290,Sean Braxton,Corporate,United States,Houston,Texas,77036,Central
RC-19825,Roy Collins,Consumer,United States,Chicago,Illinois,60610,Central
GT-14755,Guy Thornton,Consumer,United States,Harlingen,Texas,78550,Central
MM-18280,Muhammed MacIntyre,Corporate,United States,Quincy,Illinois,62301,Central
RA-19915,Russell Applegate,Consumer,United States,Houston,Texas,77095,Central
LA-16780,Laura Armstrong,Corporate,United States,Taylor,Michigan,48180,Central
BP-11095,Bart Pistole,Corporate,United States,Peoria,Illinois,61604,Central
AG-10675,Anna Gayman,Consumer,United States,Houston,Texas,77036,Central
KH-16630,Ken Heidel,Corporate,United States,San Antonio,Texas,78207,Central
PO-19180,Philisse Overcash,Home Office,United States,Chicago,Illinois,60623,Central
BB-11545,Brenda Bowman,Corporate,United States,Houston,Texas,77070,Central
TB-21595,Troy Blackwell,Consumer,United States,Columbus,Indiana,47201,Central
JS-15940,Joni Sundaresam,Home Office,United States,Park Ridge,Illinois,60068,Central
SA-20830,Sue Ann Reed,Consumer,United States,Chicago,Illinois,60610,Central
CW-11905,Carl Weiss,Home Office,United States,Huntsville,Texas,77340,Central
LS-17245,Lynn Smith,Consumer,United States,Gladstone,Missouri,64118,Central
DB-13210,Dean Braden,Consumer,United States,Houston,Texas,77041,Central
MC-17605,Matt Connell,Corporate,United States,Detroit,Michigan,48234,Central
EP-13915,Emily Phan,Consumer,United States,Chicago,Illinois,60653,Central
BD-11500,Bradley Drucker,Consumer,United States,Green Bay,Wisconsin,54302,Central
GT-14710,Greg Tran,Consumer,United States,Houston,Texas,77070,Central
CS-11950,Carlos Soltero,Consumer,United States,Chicago,Illinois,60610,Central
MS-17830,Melanie Seite,Consumer,United States,Laredo,Texas,78041,Central
NB-18655,Nona Balk,Corporate,United States,Dallas,Texas,75217,Central
CA-12265,Christina Anderson,Consumer,United States,Chicago,Illinois,60610,Central
SF-20965,Sylvia Foulston,Corporate,United States,Dearborn,Michigan,48126,Central
JD-16150,Justin Deggeller,Corporate,United States,Minneapolis,Minnesota,55407,Central
SC-20305,Sean Christensen,Consumer,United States,Rochester Hills,Michigan,48307,Central
CC-12430,Chuck Clark,Home Office,United States,Columbus,Indiana,47201,Central
EH-14125,Eugene Hildebrand,Home Office,United States,Aurora,Illinois,60505,Central
TH-21235,Tiffany House,Corporate,United States,Dallas,Texas,75081,Central
RB-19570,Rob Beeghly,Consumer,United States,Columbus,Indiana,47201,Central
CD-11980,Carol Darley,Consumer,United States,Tyler,Texas,75701,Central
JF-15355,Jay Fein,Consumer,United States,Austin,Texas,78745,Central
PO-19195,Phillina Ober,Home Office,United States,Naperville,Illinois,60540,Central
SS-20875,Sung Shariari,Consumer,United States,Dallas,Texas,75220,Central
PB-19105,Peter Buhler,Consumer,United States,Evanston,Illinois,60201,Central
RF-19735,Roland Fjeld,Consumer,United States,Trenton,Michigan,48183,Central
DC-13285,Debra Catini,Consumer,United States,Cottage Grove,Minnesota,55016,Central
BF-11020,Barry Franzosisch,Corporate,United States,Green Bay,Wisconsin,54302,Central
BV-11245,Benjamin Venier,Corporate,United States,Des Moines,Iowa,50315,Central
RH-19495,Rick Hansen,Consumer,United States,Rochester,Minnesota,55901,Central
BW-11110,Bart Watters,Corporate,United States,Milwaukee,Wisconsin,53209,Central
PM-19135,Peter McVee,Home Office,United States,Detroit,Michigan,48227,Central
HL-15040,Hunter Lopez,Consumer,United States,Houston,Texas,77095,Central
MS-17365,Maribeth Schnelling,Consumer,United States,Detroit,Michigan,48227,Central
BE-11335,Bill Eplett,Home Office,United States,Jackson,Michigan,49201,Central
RW-19630,Rob Williams,Corporate,United States,Dallas,Texas,75220,Central
GH-14665,Greg Hansen,Consumer,United States,Round Rock,Texas,78664,Central
AS-10630,Ann Steele,Home Office,United States,Pasadena,Texas,77506,Central
TS-21340,Toby Swindell,Consumer,United States,Houston,Texas,77041,Central
RD-19660,Robert Dilbeck,Home Office,United States,Saint Peters,Missouri,63376,Central
NS-18640,Noel Staavos,Corporate,United States,Chicago,Illinois,60610,Central
CM-12160,Charles McCrossin,Consumer,United States,Brownsville,Texas,78521,Central
CC-12100,Chad Cunningham,Home Office,United States,Columbus,Indiana,47201,Central
BT-11395,Bill Tyler,Corporate,United States,Detroit,Michigan,48227,Central
FH-14275,Frank Hawley,Corporate,United States,La Porte,Indiana,46350,Central
NC-18340,Nat Carroll,Consumer,United States,Lansing,Michigan,48911,Central
AA-10315,Alex Avila,Consumer,United States,Minneapolis,Minnesota,55407,Central
PM-18940,Paul MacIntyre,Consumer,United States,Jackson,Michigan,49201,Central
CA-12055,Cathy Armstrong,Home Office,United States,Houston,Texas,77070,Central
CC-12220,Chris Cortes,Consumer,United States,La Porte,Indiana,46350,Central
BD-11770,Bryan Davis,Consumer,United States,Houston,Texas,77070,Central
QJ-19255,Quincy Jones,Corporate,United States,Saint Paul,Minnesota,55106,Central
MN-17935,Michael Nguyen,Consumer,United States,Dallas,Texas,75220,Central
BP-11290,Beth Paige,Consumer,United States,Evanston,Illinois,60201,Central
LB-16735,Larry Blacks,Consumer,United States,Fort Worth,Texas,76106,Central
JK-16120,Julie Kriz,Home Office,United States,Aurora,Illinois,60505,Central
SV-20815,Stuart Van,Corporate,United States,Houston,Texas,77041,Central
NH-18610,Nicole Hansen,Corporate,United States,Irving,Texas,75061,Central
JD-15790,John Dryer,Consumer,United States,Coppell,Texas,75019,Central
PL-18925,Paul Lucas,Home Office,United States,Chicago,Illinois,60610,Central
AW-10840,Anthony Witt,Consumer,United States,Allen,Texas,75002,Central
MC-18100,Mick Crebagga,Consumer,United States,El Paso,Texas,79907,Central
TT-21460,Tonja Turnell,Home Office,United States,Aurora,Illinois,60505,Central
MY-18295,Muhammed Yedwab,Corporate,United States,Grapevine,Texas,76051,Central
DP-13390,Dennis Pardue,Home Office,United States,Peoria,Illinois,61604,Central
BS-11380,Bill Stewart,Corporate,United States,Skokie,Illinois,60076,Central
NS-18505,Neola Schneider,Consumer,United States,Dallas,Texas,75217,Central
HF-14995,Herbert Flentye,Consumer,United States,Indianapolis,Indiana,46203,Central
DA-13450,Dianna Arnett,Home Office,United States,Houston,Texas,77095,Central
RM-19375,Raymond Messe,Consumer,United States,Houston,Texas,77095,Central
JE-15610,Jim Epp,Corporate,United States,Milwaukee,Wisconsin,53209,Central
RP-19855,Roy Phan,Corporate,United States,Kenosha,Wisconsin,53142,Central
TB-21175,Thomas Boland,Corporate,United States,Houston,Texas,77041,Central
BE-11455,Brad Eason,Home Office,United States,Olathe,Kansas,66062,Central
JF-15565,Jill Fjeld,Consumer,United States,Dallas,Texas,75081,Central
PB-19210,Phillip Breyer,Corporate,United States,Tulsa,Oklahoma,74133,Central
JL-15235,Janet Lee,Consumer,United States,Chicago,Illinois,60623,Central
JC-15775,John Castell,Consumer,United States,San Antonio,Texas,78207,Central
AC-10450,Amy Cox,Consumer,United States,Minneapolis,Minnesota,55407,Central
MD-17860,Michael Dominguez,Corporate,United States,Indianapolis,Indiana,46203,Central
SC-20230,Scot Coram,Corporate,United States,Arlington,Texas,76017,Central
JD-16015,Joy Daniels,Consumer,United States,Chicago,Illinois,60610,Central
JS-16030,Joy Smith,Consumer,United States,Houston,Texas,77036,Central
SC-20800,Stuart Calhoun,Consumer,United States,Houston,Texas,77041,Central
CT-11995,Carol Triggs,Consumer,United States,Rochester,Minnesota,55901,Central
TB-21625,Trudy Brown,Consumer,United States,Grand Prairie,Texas,75051,Central
AF-10870,Art Ferguson,Consumer,United States,College Station,Texas,77840,Central
RB-19435,Richard Bierner,Consumer,United States,Saint Louis,Missouri,63116,Central
AW-10930,Arthur Wiediger,Home Office,United States,Aurora,Illinois,60505,Central
DB-13405,Denny Blanton,Consumer,United States,La Porte,Indiana,46350,Central
EM-13825,Elizabeth Moffitt,Corporate,United States,Sioux Falls,South Dakota,57103,Central
CR-12580,Clay Rozendal,Home Office,United States,Elmhurst,Illinois,60126,Central
SC-20575,Sonia Cooley,Consumer,United States,Mishawaka,Indiana,46544,Central
LS-17200,Luke Schmidt,Corporate,United States,Skokie,Illinois,60076,Central
TT-21220,Thomas Thornton,Consumer,United States,Houston,Texas,77041,Central
CM-12235,Chris McAfee,Consumer,United States,Carrollton,Texas,75007,Central
MC-17635,Matthew Clasen,Corporate,United States,Saint Louis,Missouri,63116,Central
CL-12700,Craig Leslie,Home Office,United States,Springfield,Missouri,65807,Central
HG-15025,Hunter Glantz,Consumer,United States,Amarillo,Texas,79109,Central
MO-17950,Michael Oakman,Consumer,United States,Dallas,Texas,75220,Central
AC-10660,Anna Chung,Consumer,United States,Huntsville,Texas,77340,Central
VF-21715,Vicky Freymann,Home Office,United States,Columbus,Indiana,47201,Central
JB-16000,Joy Bell,Consumer,United States,Brownsville,Texas,78521,Central
DM-12955,Dario Medina,Corporate,United States,Lincoln Park,Michigan,48146,Central
SW-20350,Sean Wendt,Home Office,United States,Detroit,Michigan,48227,Central
RE-19450,Richard Eichhorn,Consumer,United States,Dallas,Texas,75081,Central
PT-19090,Pete Takahito,Consumer,United States,Houston,Texas,77070,Central
JL-15130,Jack Lebron,Consumer,United States,Houston,Texas,77036,Central
DW-13195,David Wiener,Corporate,United States,Houston,Texas,77095,Central
SJ-20215,Sarah Jordon,Consumer,United States,Grand Prairie,Texas,75051,Central
LB-16795,Laurel Beltran,Home Office,United States,Highland Park,Illinois,60035,Central
CM-11815,Candace McMahon,Corporate,United States,Pasadena,Texas,77506,Central
CS-12490,Cindy Schnelling,Corporate,United States,Conroe,Texas,77301,Central
RD-19930,Russell Ascenzo,Consumer,United States,Austin,Texas,78745,Central
SC-20020,Sam Craven,Consumer,United States,Plano,Texas,75023,Central
FC-14335,Fred Chung,Corporate,United States,Mesquite,Texas,75150,Central
NC-18535,Nick Crebassa,Corporate,United States,Dallas,Texas,75217,Central
DK-12895,Dana Kaydos,Consumer,United States,Kenosha,Wisconsin,53142,Central
DD-13570,Dorothy Dickinson,Consumer,United States,Houston,Texas,77041,Central
SG-20890,Susan Gilcrest,Corporate,United States,Mcallen,Texas,78501,Central
AH-10585,Angele Hood,Consumer,United States,Chicago,Illinois,60623,Central
NF-18475,Neil Franzosisch,Home Office,United States,Rockford,Illinois,61107,Central
TM-21490,Tony Molinari,Consumer,United States,Oklahoma City,Oklahoma,73120,Central
NR-18550,Nick Radford,Consumer,United States,Aurora,Illinois,60505,Central
JK-15325,Jason Klamczynski,Corporate,United States,Dallas,Texas,75220,Central
DM-13525,Don Miller,Corporate,United States,Houston,Texas,77070,Central
JK-16090,Juliana Krohn,Consumer,United States,Omaha,Nebraska,68104,Central
TS-21655,Trudy Schmidt,Consumer,United States,Milwaukee,Wisconsin,53209,Central
LD-16855,Lela Donovan,Corporate,United States,Chicago,Illinois,60653,Central
CM-12715,Craig Molinari,Corporate,United States,Huntsville,Texas,77340,Central
HE-14800,Harold Engle,Corporate,United States,Chicago,Illinois,60623,Central
RS-19870,Roy Skaria,Home Office,United States,Burlington,Iowa,52601,Central
SC-20845,Sung Chung,Consumer,United States,Arlington Heights,Illinois,60004,Central
